{
	"credit": "Made with Blockbench",
	"parent": "block/orientable",
	"textures": {
		"0": "computercraft:block/computer_normal",
		"1": "computercraft:block/crt_off",
		"particle": "computercraft:block/computer_normal"
	},
	"elements": [
		{
			"from": [1, 1, 3],
			"to": [15, 16, 15],
			"faces": {
				"north": {"uv": [3, 6.5, 6.5, 10.25], "texture": "#0"},
				"east": {"uv": [0, 6.5, 3, 10.25], "texture": "#0"},
				"south": {"uv": [9.5, 6.5, 13, 10.25], "texture": "#0"},
				"west": {"uv": [6.5, 6.5, 9.5, 10.25], "texture": "#0"},
				"up": {"uv": [6.5, 6.5, 3, 3.5], "texture": "#0"},
				"down": {"uv": [10, 3.5, 6.5, 6.5], "texture": "#0"}
			}
		},
		{
			"from": [1, 3, 2],
			"to": [15, 5, 3],
			"faces": {
				"north": {"uv": [7.75, 0.25, 11.25, 0.75], "texture": "#0"},
				"east": {"uv": [7.5, 0.25, 7.75, 0.75], "texture": "#0"},
				"west": {"uv": [11.25, 0.25, 11.5, 0.75], "texture": "#0"},
				"up": {"uv": [11.25, 0.25, 7.75, 0], "texture": "#0"},
				"down": {"uv": [14.75, 0, 11.25, 0.25], "texture": "#0"}
			}
		},
		{
			"from": [1, 14, 2],
			"to": [15, 16, 3],
			"faces": {
				"north": {"uv": [0.25, 0.25, 3.75, 0.75], "texture": "#0"},
				"east": {"uv": [0, 0.25, 0.25, 0.75], "texture": "#0"},
				"west": {"uv": [3.75, 0.25, 4, 0.75], "texture": "#0"},
				"up": {"uv": [3.75, 0.25, 0.25, 0], "texture": "#0"},
				"down": {"uv": [7.25, 0, 3.75, 0.25], "texture": "#0"}
			}
		},
		{
			"from": [2, 0, 4],
			"to": [14, 1, 14],
			"faces": {
				"north": {"uv": [3, 3.25, 6, 3.5], "texture": "#0"},
				"east": {"uv": [0.5, 3.25, 3, 3.5], "texture": "#0"},
				"south": {"uv": [8.5, 3.25, 11.5, 3.5], "texture": "#0"},
				"west": {"uv": [6, 3.25, 8.5, 3.5], "texture": "#0"},
				"up": {"uv": [6, 3.25, 3, 0.75], "texture": "#missing"},
				"down": {"uv": [9, 0.75, 6, 3.25], "texture": "#0"}
			}
		},
		{
			"from": [1, 5, 2],
			"to": [3, 14, 3],
			"faces": {
				"north": {"uv": [2, 4, 2.5, 6.25], "texture": "#0"},
				"east": {"uv": [1.75, 4, 2, 6.25], "texture": "#0"},
				"west": {"uv": [2.5, 4, 2.75, 6.25], "texture": "#0"}
			}
		},
		{
			"from": [13, 5, 2],
			"to": [15, 14, 3],
			"faces": {
				"north": {"uv": [1, 4, 1.5, 6.25], "texture": "#0"},
				"east": {"uv": [0.75, 4, 1, 6.25], "texture": "#0"},
				"west": {"uv": [1.5, 4, 1.75, 6.25], "texture": "#0"}
			}
		},
		{
			"from": [3, 5, 2.75],
			"to": [13, 14, 2.75],
			"faces": {
				"north": {"uv": [3, 2, 13, 11], "texture": "#1"},
				"east": {"uv": [0, 0, 0, 9], "texture": "#missing"},
				"south": {"uv": [3, 2, 13, 11], "texture": "#missing"},
				"west": {"uv": [0, 0, 0, 9], "texture": "#missing"},
				"up": {"uv": [10, 0, 0, 0], "texture": "#missing"},
				"down": {"uv": [10, 0, 0, 0], "texture": "#missing"}
			}
		}
	]
}