{
	"credit": "Made with Blockbench",
	"parent": "block/block",
	"elements": [
		{
			"from": [4, 3, -2],
			"to": [12, 13, 3],
			"faces": {
				"north": {"uv": [13, 5, 5, 15], "texture": "#missing", "cullface": "north"},
				"east": {"uv": [0, 5, 5, 15], "texture": "#missing"},
				"south": {"uv": [13, 5, 5, 15], "texture": "#missing"},
				"west": {"uv": [5, 5, 0, 15], "texture": "#missing"},
				"up": {"uv": [5, 5, 13, 0], "texture": "#missing"},
				"down": {"uv": [5, 5, 13, 0], "texture": "#missing"}
			}
		}
	],
	"display": {
		"thirdperson_righthand": {
			"rotation": [75, 180, 0],
			"translation": [0, 2.5, 0],
			"scale": [0.5, 0.5, 0.5]
		},
		"thirdperson_lefthand": {
			"translation": [0, 2.5, 0],
			"scale": [0.5, 0.5, 0.5]
		},
		"firstperson_righthand": {
			"rotation": [0, 45, 0],
			"scale": [0.4, 0.4, 0.4]
		},
		"firstperson_lefthand": {
			"rotation": [0, 45, 0],
			"scale": [0.4, 0.4, 0.4]
		},
		"ground": {
			"translation": [0, 3, 0],
			"scale": [0.5, 0.5, 0.5]
		},
		"gui": {
			"rotation": [30, 45, 0],
			"translation": [3.95, -2.25, 0],
			"scale": [0.75, 0.75, 0.75]
		},
		"fixed": {
			"translation": [0, 0, 8]
		}
	}
}