{
	"credit": "Made with Blockbench",
	"parent": "block/block",
	"texture_size": [16, 32],
	"textures": {
		"0": "computercraft:block/wireless_modem_off",
		"particle": "computercraft:block/wireless_modem_off"
	},
	"elements": [
		{
			"from": [4, 3, -2],
			"to": [12, 13, 2],
			"faces": {
				"north": {"uv": [4, 2, 12, 7], "texture": "#0", "cullface": "north"},
				"east": {"uv": [4, 2, 0, 7], "texture": "#0"},
				"south": {"uv": [4, 2, 12, 7], "texture": "#0"},
				"west": {"uv": [0, 2, 4, 7], "texture": "#0"},
				"up": {"uv": [12, 2, 4, 0], "texture": "#0"},
				"down": {"uv": [12, 0, 4, 2], "rotation": 180, "texture": "#0"}
			}
		},
		{
			"from": [5, 4, 2],
			"to": [8, 12, 4],
			"faces": {
				"east": {"uv": [2, 8, 0, 12], "texture": "#0"},
				"south": {"uv": [2, 8, 5, 12], "texture": "#0"},
				"west": {"uv": [0, 8, 2, 12], "texture": "#0"},
				"up": {"uv": [5, 8, 2, 7], "rotation": 180, "texture": "#0"},
				"down": {"uv": [5, 7, 2, 8], "rotation": 180, "texture": "#0"}
			}
		},
		{
			"from": [9.5, 5, 0],
			"to": [10.5, 13, 1],
			"rotation": {"angle": 22.5, "axis": "x", "origin": [0, 0, 0]},
			"faces": {
				"north": {"uv": [6, 8, 7, 12], "texture": "#0"},
				"east": {"uv": [5, 8, 6, 12], "texture": "#0"},
				"south": {"uv": [6, 8, 7, 12], "texture": "#0"},
				"west": {"uv": [5, 8, 6, 12], "texture": "#0"},
				"up": {"uv": [6, 8, 5, 7.5], "texture": "#0"},
				"down": {"uv": [7, 7.5, 6, 8], "texture": "#0"}
			}
		},
		{
			"from": [9, 4, 2],
			"to": [11, 6, 3],
			"faces": {
				"east": {"uv": [7, 8, 8, 9], "texture": "#0"},
				"south": {"uv": [10, 8, 8, 9], "texture": "#0"},
				"west": {"uv": [10, 8, 11, 9], "texture": "#0"},
				"up": {"uv": [10, 8, 8, 7.5], "texture": "#0"},
				"down": {"uv": [10, 9, 8, 9.5], "texture": "#0"}
			}
		}
	],
	"display": {
		"thirdperson_righthand": {
			"rotation": [75, 180, 0],
			"translation": [0, 2.5, 0],
			"scale": [0.5, 0.5, 0.5]
		},
		"thirdperson_lefthand": {
			"translation": [0, 2.5, 0],
			"scale": [0.5, 0.5, 0.5]
		},
		"firstperson_righthand": {
			"rotation": [0, 45, 0],
			"scale": [0.4, 0.4, 0.4]
		},
		"firstperson_lefthand": {
			"rotation": [0, 45, 0],
			"scale": [0.4, 0.4, 0.4]
		},
		"ground": {
			"translation": [0, 3, 0],
			"scale": [0.5, 0.5, 0.5]
		},
		"gui": {
			"rotation": [30, 45, 0],
			"translation": [3.95, -2.25, 0],
			"scale": [0.75, 0.75, 0.75]
		},
		"fixed": {
			"translation": [0, 0, 8]
		}
	}
}